pitcher_id,pitcher_name,team,opponent,home_away,game_date,throws,recent_csw,recent_swstr,recent_pitches,recent_games,ks_actual
676282,,Cleveland Guardians,Baltimore Orioles,home,2025-07-22,L,0.30954701691439435,0.14285714285714285,378,5,5.0
687064,,Baltimore Orioles,Cleveland Guardians,away,2025-07-22,R,0.2665804731646685,0.1037463976945245,347,5,3.0
656605,,Pittsburgh Pirates,Detroit Tigers,home,2025-07-22,R,0.2232920191437439,0.07456140350877193,456,5,5.0
663554,,Detroit Tigers,Pittsburgh Pirates,away,2025-07-22,R,0.2281079304557053,0.09302325581395349,430,5,5.0
665795,,Miami Marlins,San Diego Padres,home,2025-07-22,R,0.3176757785937712,0.1310344827586207,435,5,6.0
663568,,San Diego Padres,Miami Marlins,away,2025-07-22,R,0.2654178467900934,0.07785888077858881,411,5,5.0
695418,,Washington Nationals,Cincinnati Reds,home,2025-07-22,R,0.23204070004070002,0.08759124087591241,137,5,1.0
695505,,Cincinnati Reds,Washington Nationals,away,2025-07-22,R,0.26107841476262533,0.135678391959799,398,5,10.0
650911,,Philadelphia Phillies,Boston Red Sox,home,2025-07-22,L,0.35664877058832095,0.14345114345114346,481,5,12.0
690916,,Boston Red Sox,Philadelphia Phillies,away,2025-07-22,R,0.23917290910315642,0.12341772151898735,316,5,4.0
656876,,Tampa Bay Rays,Chicago White Sox,home,2025-07-22,R,0.26118802551790987,0.09057971014492754,276,5,5.0
663436,,Chicago White Sox,Tampa Bay Rays,away,2025-07-22,R,0.21501981358486355,0.10444444444444445,450,5,3.0
453286,,Toronto Blue Jays,New York Yankees,home,2025-07-22,R,0.2796548635857986,0.10591133004926108,406,5,4.0
693645,,New York Yankees,Toronto Blue Jays,away,2025-07-22,R,0.26565058479532166,0.0782312925170068,294,4,3.0
593423,,New York Mets,Los Angeles Angels,home,2025-07-22,R,0.28723549916040814,0.12470023980815348,417,5,6.0
543294,,Los Angeles Angels,New York Mets,away,2025-07-22,R,0.27501621994111825,0.07567567567567568,370,5,2.0
669721,,Atlanta Braves,San Francisco Giants,home,2025-07-22,R,0.19919264112236115,0.07650273224043716,183,3,3.0
694738,,San Francisco Giants,Atlanta Braves,away,2025-07-22,R,0.3007066133236346,0.09656652360515021,466,5,6.0
571510,,Chicago Cubs,Kansas City Royals,home,2025-07-22,L,0.29102034443830616,0.11342592592592593,432,5,6.0
448179,,Kansas City Royals,Chicago Cubs,away,2025-07-22,L,0.2777777777777778,0.08888888888888889,90,1,1.0
594798,,Texas Rangers,Athletics,home,2025-07-22,R,0.29791043418599406,0.16150442477876106,452,5,9.0
669372,,Athletics,Texas Rangers,away,2025-07-22,R,0.3195738276261855,0.11386138613861387,202,5,2.0
687134,,Colorado Rockies,St. Louis Cardinals,home,2025-07-22,R,0.19453432530310186,0.06329113924050633,395,5,
607200,,St. Louis Cardinals,Colorado Rockies,away,2025-07-22,R,0.21770700704221335,0.07374631268436578,339,5,5.0
593958,,Arizona Diamondbacks,Houston Astros,home,2025-07-22,L,0.25306477146914075,0.10526315789473684,475,5,3.0
664285,,Houston Astros,Arizona Diamondbacks,away,2025-07-22,L,0.26474555325994803,0.09513742071881606,473,5,4.0
669302,,Seattle Mariners,Milwaukee Brewers,home,2025-07-22,R,0.31924950640737515,0.13870246085011187,447,5,10.0
694819,,Milwaukee Brewers,Seattle Mariners,away,2025-07-22,R,0.2917457084608247,0.14728682170542637,387,5,7.0
808967,,Los Angeles Dodgers,Minnesota Twins,home,2025-07-22,R,0.3086509981549137,0.12403100775193798,387,5,8.0
680573,,Minnesota Twins,Los Angeles Dodgers,away,2025-07-22,R,0.25302616305321435,0.09631728045325778,353,5,2.0
647336,,Washington Nationals,Cincinnati Reds,home,2025-07-23,R,0.26395658568223773,0.09932279909706546,443,5,6.0
666157,,Cincinnati Reds,Washington Nationals,away,2025-07-23,L,0.30887652961764867,0.12896405919661733,473,5,8.0
645261,,Miami Marlins,San Diego Padres,home,2025-07-23,R,0.24277960523358164,0.06938775510204082,490,5,4.0
656302,,San Diego Padres,Miami Marlins,away,2025-07-23,R,0.29524045635942847,0.15416666666666667,480,5,5.0
675911,,Atlanta Braves,San Francisco Giants,home,2025-07-23,R,0.27353084873264655,0.1532258064516129,496,5,7.0
434378,,San Francisco Giants,Atlanta Braves,away,2025-07-23,R,0.26243583797155223,0.09558823529411764,408,5,3.0
663559,,Pittsburgh Pirates,Detroit Tigers,home,2025-07-23,L,0.26247558964800344,0.08430232558139535,344,5,8.0
675512,,Detroit Tigers,Pittsburgh Pirates,away,2025-07-23,R,0.2777777777777778,0.13333333333333333,90,1,7.0
640455,,New York Mets,Los Angeles Angels,home,2025-07-23,L,0.3213212968250084,0.12962962962962962,216,3,5.0
656271,,Los Angeles Angels,New York Mets,away,2025-07-23,L,0.2815018315018315,0.1044776119402985,67,5,1.0
607067,,Chicago Cubs,Kansas City Royals,home,2025-07-23,R,0.22961677547989678,0.07834101382488479,434,5,3.0
607625,,Kansas City Royals,Chicago Cubs,away,2025-07-23,R,0.284212728797316,0.09615384615384616,468,5,6.0
685299,,Colorado Rockies,St. Louis Cardinals,home,2025-07-23,R,0.22798708398520834,0.07964601769911504,339,4,3.0
669467,,St. Louis Cardinals,Colorado Rockies,away,2025-07-23,R,0.2512936406811074,0.10126582278481013,474,5,5.0
694297,,Arizona Diamondbacks,Houston Astros,home,2025-07-23,R,0.2629251499934305,0.09740259740259741,462,5,5.0
687888,,Houston Astros,Arizona Diamondbacks,away,2025-07-23,L,0.2774900610980049,0.109375,448,5,5.0
622491,,Seattle Mariners,Milwaukee Brewers,home,2025-07-23,R,0.2531133981322661,0.11313131313131314,495,5,7.0
682990,,Milwaukee Brewers,Seattle Mariners,away,2025-07-23,R,0.30538719686643695,0.11670480549199085,437,5,6.0
607192,,Los Angeles Dodgers,Minnesota Twins,home,2025-07-23,R,0.2937589935037216,0.13218390804597702,348,5,12.0
663978,,Minnesota Twins,Los Angeles Dodgers,away,2025-07-23,R,0.2242525777846483,0.10864745011086474,451,5,8.0
677944,,Cleveland Guardians,Baltimore Orioles,home,2025-07-23,R,0.25837239568724685,0.06832298136645963,483,5,2.0
621107,,Baltimore Orioles,Cleveland Guardians,away,2025-07-23,R,0.2344574614831653,0.09615384615384616,364,5,5.0
605135,,Toronto Blue Jays,New York Yankees,home,2025-07-23,R,0.3170885935768003,0.09438775510204081,392,5,8.0
608331,,New York Yankees,Toronto Blue Jays,away,2025-07-23,L,0.24519084794251986,0.09623430962343096,478,5,3.0
666200,,Philadelphia Phillies,Boston Red Sox,home,2025-07-23,L,0.2917363587927173,0.13769751693002258,443,5,7.0
608337,,Boston Red Sox,Philadelphia Phillies,away,2025-07-23,R,0.2701980970369332,0.12173913043478261,460,5,2.0
671737,,Tampa Bay Rays,Chicago White Sox,home,2025-07-23,R,0.2213641863278887,0.09685230024213075,413,5,
686563,,Chicago White Sox,Tampa Bay Rays,away,2025-07-23,R,0.21739738955805343,0.09024390243902439,410,5,9.0
571578,,Texas Rangers,Athletics,home,2025-07-23,L,0.29421954856737464,0.1111111111111111,450,5,7.0
676664,,Athletics,Texas Rangers,away,2025-07-23,L,0.2729193937827936,0.09198113207547169,424,5,7.0
671106,,Cleveland Guardians,Baltimore Orioles,home,2025-07-24,L,0.2524340353990567,0.08149779735682819,454,5,4
450203,,Baltimore Orioles,Cleveland Guardians,away,2025-07-24,R,0.2702396631012015,0.10323886639676114,494,5,7
681857,,Detroit Tigers,Toronto Blue Jays,home,2025-07-24,R,0.27719437942730807,0.11286681715575621,443,5,4
641778,,Toronto Blue Jays,Detroit Tigers,away,2025-07-24,L,0.27693261734352614,0.08705882352941176,425,5,6
543243,,St. Louis Cardinals,San Diego Padres,home,2025-07-24,R,0.35302586302586303,0.12874251497005987,334,5,5
506433,,San Diego Padres,St. Louis Cardinals,away,2025-07-24,R,0.25226994936266806,0.09859154929577464,284,4,3
669920,,Houston Astros,Athletics,home,2025-07-24,R,0.3328552631578947,0.10510510510510511,333,5,3
622663,,Athletics,Houston Astros,away,2025-07-24,R,0.21411062375517828,0.0670995670995671,462,5,8
579328,,Los Angeles Angels,Seattle Mariners,home,2025-07-24,L,0.26041384967432524,0.11949685534591195,477,5,4
688138,,Seattle Mariners,Los Angeles Angels,away,2025-07-24,R,0.2598829434736531,0.08428246013667426,439,5,3
642547,,Milwaukee Brewers,Miami Marlins,home,2025-07-25,R,0.28724175545570557,0.11788617886178862,492,5,9.0
615698,,Miami Marlins,Milwaukee Brewers,away,2025-07-25,R,0.2822689506508161,0.09574468085106383,376,5,4.0
681347,,Pittsburgh Pirates,Arizona Diamondbacks,home,2025-07-25,R,0.28219284838471825,0.10810810810810811,370,5,5.0
669194,,Arizona Diamondbacks,Pittsburgh Pirates,away,2025-07-25,R,0.2263400932290974,0.08064516129032258,434,5,4.0
665152,,Baltimore Orioles,Colorado Rockies,home,2025-07-25,R,0.2562476860996956,0.10874200426439233,469,5,5.0
607536,,Colorado Rockies,Baltimore Orioles,away,2025-07-25,L,0.23039691838558468,0.08045977011494253,435,5,4.0
701542,,New York Yankees,Philadelphia Phillies,home,2025-07-25,R,0.2483970879674779,0.08200455580865604,439,5,7.0
592836,,Philadelphia Phillies,New York Yankees,away,2025-07-25,R,0.24563295364079893,0.0547945205479452,292,5,3.0
678394,,Boston Red Sox,Los Angeles Dodgers,home,2025-07-25,R,0.2746335250357631,0.10560344827586207,464,5,5.0
686218,,Los Angeles Dodgers,Boston Red Sox,away,2025-07-25,R,0.24318181818181817,0.12244897959183673,343,5,5.0
607259,,Cincinnati Reds,Tampa Bay Rays,home,2025-07-25,R,0.23371879620520436,0.07029478458049887,441,5,5.0
641793,,Tampa Bay Rays,Cincinnati Reds,away,2025-07-25,R,0.24038790348023004,0.09131403118040089,449,5,2.0
672456,,Detroit Tigers,Toronto Blue Jays,home,2025-07-25,R,0.2575323302386657,0.06128133704735376,359,5,3.0
621244,,Toronto Blue Jays,Detroit Tigers,away,2025-07-25,R,0.2336637750711783,0.07360406091370558,394,5,6.0
571945,,St. Louis Cardinals,San Diego Padres,home,2025-07-25,R,0.2607451446713937,0.08997429305912596,389,5,1.0
601713,,San Diego Padres,St. Louis Cardinals,away,2025-07-25,R,0.2938122605363985,0.11578947368421053,475,5,4.0
605288,,Chicago White Sox,Chicago Cubs,home,2025-07-25,R,0.24793369281321084,0.07709750566893424,441,5,3.0
684007,,Chicago Cubs,Chicago White Sox,away,2025-07-25,L,0.24952331988299387,0.10779816513761468,436,5,2.0
543135,,Texas Rangers,Atlanta Braves,home,2025-07-25,R,0.297796777625779,0.129973474801061,377,5,7.0
666214,,Atlanta Braves,Texas Rangers,away,2025-07-25,L,0.2772866708516426,0.13178294573643412,258,5,6.0
687473,,Houston Astros,Athletics,home,2025-07-25,R,0.24515432098765427,0.13026819923371646,261,5,5.0
605488,,Athletics,Houston Astros,away,2025-07-25,L,0.26481567160006725,0.09090909090909091,451,5,5.0
805673,,Minnesota Twins,Washington Nationals,home,2025-07-25,R,0.3129368661283555,0.14146341463414633,410,5,7.0
669022,,Washington Nationals,Minnesota Twins,away,2025-07-25,L,0.25873772483637614,0.1022964509394572,479,5,4.0
667755,,Los Angeles Angels,Seattle Mariners,home,2025-07-25,R,0.2713909627467824,0.10792951541850221,454,5,5.0
693433,,Seattle Mariners,Los Angeles Angels,away,2025-07-25,R,0.2716675196439645,0.13958333333333334,480,5,6.0
657277,,San Francisco Giants,New York Mets,home,2025-07-25,R,0.264887735721069,0.09051724137931035,464,5,4.0
605280,,New York Mets,San Francisco Giants,away,2025-07-25,R,0.2655375232611615,0.08370044052863436,454,5,2.0
608379,,Kansas City Royals,Cleveland Guardians,home,2025-07-25,R,0.27395240469543763,0.14349775784753363,446,5,
668909,,Cleveland Guardians,Kansas City Royals,away,2025-07-25,R,0.27647260966242165,0.12605042016806722,476,5,
573186,,New York Yankees,Philadelphia Phillies,home,2025-07-26,R,0.20782526662282233,0.08158508158508158,429,5,4
624133,,Philadelphia Phillies,New York Yankees,away,2025-07-26,L,0.2813703703703704,0.10625,480,5,8
608379,,Kansas City Royals,Cleveland Guardians,home,2025-07-26,R,0.25728573802877097,0.11778290993071594,433,5,5
668909,,Cleveland Guardians,Kansas City Royals,away,2025-07-26,R,0.2697414108537843,0.12340425531914893,470,5,3
663460,,Kansas City Royals,Cleveland Guardians,home,2025-07-26,L,0.2851842745130181,0.10173697270471464,403,5,1
676440,,Cleveland Guardians,Kansas City Royals,away,2025-07-26,R,0.2881130997034973,0.12168141592920353,452,5,8
669373,,Detroit Tigers,Toronto Blue Jays,home,2025-07-26,L,0.33725912389427404,0.17721518987341772,474,5,7
592332,,Toronto Blue Jays,Detroit Tigers,away,2025-07-26,R,0.30245461570716947,0.14256198347107438,484,5,10
571760,,Pittsburgh Pirates,Arizona Diamondbacks,home,2025-07-26,L,0.2518071306339889,0.06983240223463687,358,5,4
518876,,Arizona Diamondbacks,Pittsburgh Pirates,away,2025-07-26,R,0.23811404599328015,0.09287257019438445,463,5,3
671096,,Cincinnati Reds,Tampa Bay Rays,home,2025-07-26,L,0.2729443662632517,0.1091703056768559,458,5,7
686752,,Tampa Bay Rays,Cincinnati Reds,away,2025-07-26,R,0.2569814271749756,0.1222707423580786,458,5,6
669432,,Baltimore Orioles,Colorado Rockies,home,2025-07-26,L,0.27100885225885224,0.12688172043010754,465,5,5
622608,,Colorado Rockies,Baltimore Orioles,away,2025-07-26,,0.23576178207757156,0.08029197080291971,411,5,3
677958,,Texas Rangers,Atlanta Braves,home,2025-07-26,R,0.2687951578052687,0.11161731207289294,439,5,5
656550,,Atlanta Braves,Texas Rangers,away,2025-07-26,R,0.25737497223711936,0.13646055437100213,469,5,2
686613,,Houston Astros,Athletics,home,2025-07-26,R,0.27297636984924734,0.12473572938689217,473,5,5
682052,,Athletics,Houston Astros,away,2025-07-26,L,0.24783645659806303,0.10411622276029056,413,5,4
657746,,Minnesota Twins,Washington Nationals,home,2025-07-26,R,0.2947519470033297,0.1367713004484305,446,5,5
680730,,Washington Nationals,Minnesota Twins,away,2025-07-26,L,0.2535501660110887,0.08924485125858124,437,5,4
650644,,Chicago White Sox,Chicago Cubs,home,2025-07-26,R,0.2453941378528393,0.07009345794392523,428,5,6
690990,,Chicago Cubs,Chicago White Sox,away,2025-07-26,R,0.2864862397210245,0.12672811059907835,434,5,3
500779,,Milwaukee Brewers,Miami Marlins,home,2025-07-26,L,0.24678772735050475,0.05844155844155844,462,5,2
676083,,Miami Marlins,Milwaukee Brewers,away,2025-07-26,R,0.2350860966427374,0.08395061728395062,405,5,5
676979,,Boston Red Sox,Los Angeles Dodgers,home,2025-07-26,L,0.2898193074982802,0.13347022587268995,487,5,10
477132,,Los Angeles Dodgers,Boston Red Sox,away,2025-07-26,L,0.28964217828838457,0.09624413145539906,426,5,2
669461,,St. Louis Cardinals,San Diego Padres,home,2025-07-26,,0.24659188637697732,0.08705882352941176,425,5,3
681190,,San Diego Padres,St. Louis Cardinals,away,2025-07-26,R,0.20069457335940283,0.0392156862745098,408,5,2
592662,,San Francisco Giants,New York Mets,home,2025-07-26,L,0.23630280459732605,0.10408163265306122,490,5,3
656849,,New York Mets,San Francisco Giants,away,2025-07-26,L,0.27556236226452324,0.08547008547008547,468,5,4
542881,,Los Angeles Angels,Seattle Mariners,home,2025-07-26,L,0.251755715548819,0.09839816933638444,437,5,1
669923,,Seattle Mariners,Los Angeles Angels,away,2025-07-26,R,0.3093666507505171,0.15236051502145923,466,5,9
608372,,Baltimore Orioles,Colorado Rockies,home,2025-07-27,R,0.25003333826413016,0.09662921348314607,445,5,8
596295,,Colorado Rockies,Baltimore Orioles,away,2025-07-27,L,0.22976885183781737,0.0660377358490566,424,5,2
621111,,Boston Red Sox,Los Angeles Dodgers,home,2025-07-27,R,0.23148644044442776,0.07439824945295405,457,5,4
669160,,Los Angeles Dodgers,Boston Red Sox,away,2025-07-27,R,0.2622008515879925,0.0787037037037037,432,5,5
694973,,Pittsburgh Pirates,Arizona Diamondbacks,home,2025-07-27,R,0.3217953235395096,0.1585081585081585,429,5,9
668678,,Arizona Diamondbacks,Pittsburgh Pirates,away,2025-07-27,R,0.2867475254290036,0.11422413793103449,464,5,5
607074,,New York Yankees,Philadelphia Phillies,home,2025-07-27,L,0.2833690399407806,0.11422845691382766,499,5,8
554430,,Philadelphia Phillies,New York Yankees,away,2025-07-27,R,0.29307228768166976,0.16666666666666666,528,5,8
663903,,Cincinnati Reds,Tampa Bay Rays,home,2025-07-27,R,0.2571369655015491,0.09273182957393483,399,5,8
669358,,Tampa Bay Rays,Cincinnati Reds,away,2025-07-27,R,0.25787244357268463,0.1257995735607676,469,5,5
656427,,Detroit Tigers,Toronto Blue Jays,home,2025-07-27,R,0.2847521080066524,0.14346895074946467,467,5,7
453286,,Toronto Blue Jays,Detroit Tigers,away,2025-07-27,R,0.29089984350547726,0.12649164677804295,419,5,11
702070,,Kansas City Royals,Cleveland Guardians,home,2025-07-27,L,0.2708130754964984,0.12875536480686695,466,5,6
676282,,Cleveland Guardians,Kansas City Royals,away,2025-07-27,L,0.3002738339570009,0.13349514563106796,412,5,4
676467,,Houston Astros,Athletics,home,2025-07-27,L,0.2215681125622831,0.08021390374331551,374,5,6
669372,,Athletics,Houston Astros,away,2025-07-27,R,0.2997006775204773,0.11864406779661017,236,5,4
663485,,Minnesota Twins,Washington Nationals,home,2025-07-27,R,0.27792334371281735,0.09259259259259259,108,5,2
663623,,Washington Nationals,Minnesota Twins,away,2025-07-27,R,0.24163318270918102,0.06798245614035088,456,5,2
691799,,Chicago White Sox,Chicago Cubs,home,2025-07-27,R,0.32369687005236875,0.15789473684210525,114,5,2
676962,,Chicago Cubs,Chicago White Sox,away,2025-07-27,R,0.26624940041749506,0.08527131782945736,387,5,4
605540,,Milwaukee Brewers,Miami Marlins,home,2025-07-27,R,0.33388339206650397,0.1178343949044586,314,5,6
691587,,Miami Marlins,Milwaukee Brewers,away,2025-07-27,R,0.3147338668328174,0.14617169373549885,431,5,6
700241,,St. Louis Cardinals,San Diego Padres,home,2025-07-27,R,0.2349709175660192,0.08108108108108109,444,5,2
663568,,San Diego Padres,St. Louis Cardinals,away,2025-07-27,R,0.25879045356476205,0.07524271844660194,412,5,2
683004,,Texas Rangers,Atlanta Braves,home,2025-07-27,R,0.2717042033444297,0.12087912087912088,455,5,7
693821,,Atlanta Braves,Texas Rangers,away,2025-07-27,R,0.24774392677362975,0.11187214611872145,438,5,3
543294,,Los Angeles Angels,Seattle Mariners,home,2025-07-27,R,0.26227892661594987,0.07795698924731183,372,5,3
669302,,Seattle Mariners,Los Angeles Angels,away,2025-07-27,R,0.3115655237233924,0.13303769401330376,451,5,7
657424,,San Francisco Giants,New York Mets,home,2025-07-27,L,0.22335550628233558,0.09523809523809523,84,5,1
673540,,New York Mets,San Francisco Giants,away,2025-07-27,R,0.29034407366421416,0.13157894736842105,418,5,3
621107,,Baltimore Orioles,Toronto Blue Jays,home,2025-07-28,R,0.21894377293444583,0.0896358543417367,357,5,3
605135,,Toronto Blue Jays,Baltimore Orioles,away,2025-07-28,R,0.30634087009340927,0.10344827586206896,348,5,4
677944,,Cleveland Guardians,Colorado Rockies,home,2025-07-28,R,0.2553111711974509,0.07505070993914807,493,5,3
687134,,Colorado Rockies,Cleveland Guardians,away,2025-07-28,R,0.21167718244595904,0.06516290726817042,399,5,7
675512,,Detroit Tigers,Arizona Diamondbacks,home,2025-07-28,R,0.2768199233716475,0.12429378531073447,177,2,5
593958,,Arizona Diamondbacks,Detroit Tigers,away,2025-07-28,L,0.23436911929522766,0.09623430962343096,478,5,5
693645,,New York Yankees,Tampa Bay Rays,home,2025-07-28,R,0.2683344213246294,0.1,380,5,5
656876,,Tampa Bay Rays,New York Yankees,away,2025-07-28,R,0.2688343815513627,0.09491525423728814,295,5,5
695505,,Cincinnati Reds,Los Angeles Dodgers,home,2025-07-28,R,0.28175403543824595,0.16176470588235295,408,5,10
808967,,Los Angeles Dodgers,Cincinnati Reds,away,2025-07-28,R,0.29938650027655445,0.12962962962962962,432,5,9
680573,,Minnesota Twins,Boston Red Sox,home,2025-07-28,R,0.2502914993429408,0.0891891891891892,370,5,5
690916,,Boston Red Sox,Minnesota Twins,away,2025-07-28,R,0.23952657842234298,0.11940298507462686,335,5,2
448179,,Kansas City Royals,Atlanta Braves,home,2025-07-28,L,0.2685185185185185,0.07602339181286549,171,2,3
675911,,Atlanta Braves,Kansas City Royals,away,2025-07-28,R,0.26265365575019045,0.14084507042253522,497,5,3
663436,,Chicago White Sox,Philadelphia Phillies,home,2025-07-28,R,0.23008364337209755,0.11486486486486487,444,5,7
650911,,Philadelphia Phillies,Chicago White Sox,away,2025-07-28,L,0.3455376594772098,0.13829787234042554,470,5,5
694819,,Milwaukee Brewers,Chicago Cubs,home,2025-07-28,R,0.30540849915849916,0.16535433070866143,381,5,7
571510,,Chicago Cubs,Milwaukee Brewers,away,2025-07-28,L,0.2845224541429475,0.11286681715575621,443,5,2
669467,,St. Louis Cardinals,Miami Marlins,home,2025-07-28,R,0.2517401865177241,0.1019522776572668,461,5,4
665795,,Miami Marlins,St. Louis Cardinals,away,2025-07-28,R,0.31086726795547337,0.13895216400911162,439,5,4
664285,,Houston Astros,Washington Nationals,home,2025-07-28,L,0.2932081260972407,0.13389121338912133,478,5,12
695418,,Washington Nationals,Houston Astros,away,2025-07-28,R,0.23865894055724562,0.09142857142857143,175,5,2
686799,,Los Angeles Angels,Texas Rangers,home,2025-07-28,R,0.23162756484707706,0.09893048128342247,374,5,3
594798,,Texas Rangers,Los Angeles Angels,away,2025-07-28,R,0.2945273004657817,0.16740088105726872,454,5,8
656302,,San Diego Padres,New York Mets,home,2025-07-28,R,0.2830962438357093,0.13496932515337423,489,5,9
593423,,New York Mets,San Diego Padres,away,2025-07-28,R,0.2778379087989623,0.11904761904761904,420,5,3
687931,,San Francisco Giants,Pittsburgh Pirates,home,2025-07-28,L,0.24705882352941178,0.058823529411764705,85,1,3
656605,,Pittsburgh Pirates,San Francisco Giants,away,2025-07-28,R,0.22944182969460364,0.08735632183908046,435,5,3
676664,,Athletics,Seattle Mariners,home,2025-07-28,L,0.26347494933834914,0.10465116279069768,430,5,6
622491,,Seattle Mariners,Athletics,away,2025-07-28,R,0.25466099194189085,0.10460251046025104,478,5,4
450203,,Baltimore Orioles,Toronto Blue Jays,home,2025-07-29,,0.2782396631012015,0.10323886639676114,494,5,2
687922,,Toronto Blue Jays,Baltimore Orioles,away,2025-07-29,,0.24191859724239878,0.10989010989010989,364,5,1
687064,,Baltimore Orioles,Toronto Blue Jays,home,2025-07-29,R,0.27268035879181296,0.10483870967741936,372,5,6
641778,,Toronto Blue Jays,Baltimore Orioles,away,2025-07-29,L,0.2896140535543742,0.09832134292565947,417,5,4
671106,,Cleveland Guardians,Colorado Rockies,home,2025-07-29,L,0.25328287050832154,0.08315565031982942,469,5,3
685299,,Colorado Rockies,Cleveland Guardians,away,2025-07-29,R,0.21619248408957512,0.07073170731707316,410,5,2
663554,,Detroit Tigers,Arizona Diamondbacks,home,2025-07-29,R,0.23806555757434938,0.09046454767726161,409,5,2
694297,,Arizona Diamondbacks,Detroit Tigers,away,2025-07-29,R,0.2489199820347741,0.0944206008583691,466,5,3
608331,,New York Yankees,Tampa Bay Rays,home,2025-07-29,L,0.24950837301476186,0.09523809523809523,483,5,9
671212,,Tampa Bay Rays,New York Yankees,away,2025-07-29,R,0.28407224354592775,0.12794612794612795,297,5,6
666157,,Cincinnati Reds,Los Angeles Dodgers,home,2025-07-29,L,0.3116312888561705,0.13559322033898305,472,5,11
607192,,Los Angeles Dodgers,Cincinnati Reds,away,2025-07-29,R,0.26592016566489374,0.12368421052631579,380,5,3
701487,,Minnesota Twins,Boston Red Sox,home,2025-07-29,R,0.2361111111111111,0.125,72,1,4
608337,,Boston Red Sox,Minnesota Twins,away,2025-07-29,R,0.2701038018931331,0.13157894736842105,456,5,5
607625,,Kansas City Royals,Atlanta Braves,home,2025-07-29,R,0.2781379624421758,0.09271523178807947,453,5,5
607200,,Atlanta Braves,Kansas City Royals,away,2025-07-29,R,0.23052751986272613,0.08849557522123894,339,5,3
686563,,Chicago White Sox,Philadelphia Phillies,home,2025-07-29,R,0.211200488008828,0.09579439252336448,428,5,3
666200,,Philadelphia Phillies,Chicago White Sox,away,2025-07-29,L,0.27622662225205297,0.11697247706422019,436,5,4
682990,,Milwaukee Brewers,Chicago Cubs,home,2025-07-29,R,0.2786552507220061,0.102803738317757,428,5,3
607067,,Chicago Cubs,Milwaukee Brewers,away,2025-07-29,R,0.24304684648946764,0.07780320366132723,437,5,2
543243,,St. Louis Cardinals,Miami Marlins,home,2025-07-29,R,0.33434454434454436,0.1239193083573487,347,5,5
645261,,Miami Marlins,St. Louis Cardinals,away,2025-07-29,R,0.25002767631143996,0.07707910750507099,493,5,4
669920,,Houston Astros,Washington Nationals,home,2025-07-29,R,0.24035526315789474,0.0967741935483871,403,5,6
647336,,Washington Nationals,Houston Astros,away,2025-07-29,R,0.24327776732900075,0.09744779582366589,431,5,4
579328,,Los Angeles Angels,Texas Rangers,home,2025-07-29,L,0.24850908776956332,0.10995850622406639,482,5,5
571578,,Texas Rangers,Los Angeles Angels,away,2025-07-29,L,0.28301036939703045,0.11512415349887133,443,5,6
686701,,San Diego Padres,New York Mets,home,2025-07-29,R,0.25018083236115346,0.09873417721518987,395,5,4
640455,,New York Mets,San Diego Padres,away,2025-07-29,L,0.284595623781547,0.11589403973509933,302,4,4
434378,,San Francisco Giants,Pittsburgh Pirates,home,2025-07-29,R,0.27157510296188103,0.1111111111111111,414,5,7
663559,,Pittsburgh Pirates,San Francisco Giants,away,2025-07-29,L,0.2586660658384796,0.0703125,384,5,1
622663,,Athletics,Seattle Mariners,home,2025-07-29,R,0.2384909293578948,0.08478260869565217,460,5,6
688138,,Seattle Mariners,Athletics,away,2025-07-29,R,0.2644806446230784,0.07972665148063782,439,5,7
665152,,Baltimore Orioles,Toronto Blue Jays,home,2025-07-30,R,0.2624026731223133,0.10583153347732181,463,5,5.0
621244,,Toronto Blue Jays,Baltimore Orioles,away,2025-07-30,R,0.23379581006045047,0.07291666666666667,384,5,3.0
663978,,Detroit Tigers,Arizona Diamondbacks,home,2025-07-30,R,0.22809873163080213,0.1036036036036036,444,5,5.0
669194,,Arizona Diamondbacks,Detroit Tigers,away,2025-07-30,R,0.23740728690498675,0.07990867579908675,438,5,8.0
805673,,Minnesota Twins,Boston Red Sox,home,2025-07-30,R,0.291515444706934,0.12655086848635236,403,5,4.0
678394,,Boston Red Sox,Minnesota Twins,away,2025-07-30,R,0.2681819121325373,0.10909090909090909,495,5,4.0
687473,,Houston Astros,Washington Nationals,home,2025-07-30,R,0.24647785039941902,0.11307420494699646,283,5,5.0
669022,,Washington Nationals,Houston Astros,away,2025-07-30,L,0.2422028434431222,0.08668076109936575,473,5,4.0
672582,,Kansas City Royals,Atlanta Braves,home,2025-07-30,L,0.3682539682539683,0.057971014492753624,69,5,
666214,,Atlanta Braves,Kansas City Royals,away,2025-07-30,L,0.2861463199744496,0.12459016393442623,305,5,7.0
641302,,Chicago White Sox,Philadelphia Phillies,home,2025-07-30,L,0.2539657867195461,0.1328125,128,5,3.0
592836,,Philadelphia Phillies,Chicago White Sox,away,2025-07-30,R,0.24592365131521757,0.0425531914893617,329,5,
642547,,Milwaukee Brewers,Chicago Cubs,home,2025-07-30,R,0.2937123436909997,0.11530398322851153,477,5,3.0
684007,,Chicago Cubs,Milwaukee Brewers,away,2025-07-30,L,0.2583456253345128,0.11036036036036036,444,5,8.0
657277,,San Francisco Giants,Pittsburgh Pirates,home,2025-07-30,R,0.28268942944019393,0.10021321961620469,469,5,11.0
681347,,Pittsburgh Pirates,San Francisco Giants,away,2025-07-30,R,0.28481708981492987,0.10406091370558376,394,5,7.0
506433,,San Diego Padres,New York Mets,home,2025-07-30,R,0.2807633279111871,0.11388888888888889,360,5,7.0
605280,,New York Mets,San Diego Padres,away,2025-07-30,R,0.2653687468898534,0.08803611738148984,443,5,3.0
663465,,Cleveland Guardians,Colorado Rockies,home,2025-07-30,L,0.3218939393939394,0.12389380530973451,113,5,5.0
607536,,Colorado Rockies,Cleveland Guardians,away,2025-07-30,L,0.236590948236331,0.0857843137254902,408,5,
701542,,New York Yankees,Tampa Bay Rays,home,2025-07-30,R,0.24102929236438825,0.0746606334841629,442,5,4.0
641793,,Tampa Bay Rays,New York Yankees,away,2025-07-30,R,0.22272604120615086,0.08666666666666667,450,5,4.0
607259,,Cincinnati Reds,Los Angeles Dodgers,home,2025-07-30,R,0.23282428327840168,0.06813186813186813,455,5,7.0
660271,,Los Angeles Dodgers,Cincinnati Reds,away,2025-07-30,R,0.32106353527853404,0.1518324607329843,191,5,4.0
571945,,St. Louis Cardinals,Miami Marlins,home,2025-07-30,R,0.25012289451425984,0.08478802992518704,401,5,5.0
615698,,Miami Marlins,St. Louis Cardinals,away,2025-07-30,R,0.28385329361446937,0.08539944903581267,363,5,3.0
667755,,Los Angeles Angels,Texas Rangers,home,2025-07-30,R,0.2581277614266505,0.10690423162583519,449,5,7.0
543135,,Texas Rangers,Los Angeles Angels,away,2025-07-30,R,0.29446344429244564,0.12735849056603774,424,5,4.0
605488,,Athletics,Seattle Mariners,home,2025-07-30,L,0.28623421092590995,0.10585585585585586,444,5,7.0
693433,,Seattle Mariners,Athletics,away,2025-07-30,R,0.25092623343876086,0.1284796573875803,467,5,6.0
573186,,New York Yankees,Tampa Bay Rays,home,2025-07-31,R,0.22404148283903852,0.08857808857808858,429,5,3
686752,,Tampa Bay Rays,New York Yankees,away,2025-07-31,R,0.2575268817204301,0.11210762331838565,446,5,4
671096,,Cincinnati Reds,Atlanta Braves,home,2025-07-31,L,0.27000318979266347,0.10398230088495575,452,5,1
471911,,Atlanta Braves,Cincinnati Reds,away,2025-07-31,R,0.24603753026007885,0.11461318051575932,349,5,5
669923,,Seattle Mariners,Texas Rangers,home,2025-07-31,R,0.2877145856691654,0.14526315789473684,475,5,6
677958,,Texas Rangers,Seattle Mariners,away,2025-07-31,R,0.25501924299842604,0.11547344110854503,433,5,3
663903,,Cincinnati Reds,Atlanta Braves,home,2025-08-01,R,0.27930191395515724,0.12272727272727273,440,5,10.0
693821,,Atlanta Braves,Cincinnati Reds,away,2025-08-01,R,0.25771106806607225,0.11868131868131868,455,5,5.0
690990,,Chicago Cubs,Baltimore Orioles,home,2025-08-01,R,0.30159187352384137,0.12705882352941175,425,5,3.0
669432,,Baltimore Orioles,Chicago Cubs,away,2025-08-01,L,0.29545940170940177,0.12121212121212122,462,5,8.0
624133,,Philadelphia Phillies,Detroit Tigers,home,2025-08-01,L,0.279377616747182,0.09453781512605042,476,5,5.0
656427,,Detroit Tigers,Philadelphia Phillies,away,2025-08-01,R,0.2819306213001956,0.14623655913978495,465,5,7.0
680730,,Washington Nationals,Milwaukee Brewers,home,2025-08-01,L,0.2580614442065775,0.0853932584269663,445,5,3.0
500779,,Milwaukee Brewers,Washington Nationals,away,2025-08-01,L,0.23791234741129505,0.057649667405764965,451,5,4.0
592332,,Toronto Blue Jays,Kansas City Royals,home,2025-08-01,R,0.3122949545797664,0.13807531380753138,478,5,5.0
608379,,Kansas City Royals,Toronto Blue Jays,away,2025-08-01,R,0.256349567816005,0.11389521640091116,439,5,5.0
681867,,Boston Red Sox,Houston Astros,home,2025-08-01,R,0.22586062717770033,0.07377049180327869,244,5,4.0
686613,,Houston Astros,Boston Red Sox,away,2025-08-01,R,0.27993007916802637,0.10897435897435898,468,5,6.0
656849,,New York Mets,San Francisco Giants,home,2025-08-01,L,0.27023778992964165,0.08227848101265822,474,5,4.0
592662,,San Francisco Giants,New York Mets,away,2025-08-01,L,0.24022437322477702,0.10816326530612246,490,5,6.0
668909,,Cleveland Guardians,Minnesota Twins,home,2025-08-01,R,0.2905747441871176,0.1276595744680851,470,5,8.0
657746,,Minnesota Twins,Cleveland Guardians,away,2025-08-01,R,0.293963449786261,0.13596491228070176,456,5,4.0
676083,,Miami Marlins,New York Yankees,home,2025-08-01,R,0.22808546252732845,0.07434052757793765,417,5,4.0
607074,,New York Yankees,Miami Marlins,away,2025-08-01,L,0.30295626735511083,0.12549019607843137,510,5,9.0
669358,,Tampa Bay Rays,Los Angeles Dodgers,home,2025-08-01,R,0.24762301046610866,0.11530398322851153,477,5,8.0
477132,,Los Angeles Dodgers,Tampa Bay Rays,away,2025-08-01,L,0.2984366446915466,0.09662921348314607,445,5,3.0
622608,,Colorado Rockies,Pittsburgh Pirates,home,2025-08-01,R,0.2280198465937006,0.08403361344537816,357,5,
571760,,Pittsburgh Pirates,Colorado Rockies,away,2025-08-01,L,0.23792377359273714,0.06528189910979229,337,5,1.0
542881,,Los Angeles Angels,Chicago White Sox,home,2025-08-01,L,0.24190723070033418,0.0958904109589041,438,5,5.0
681343,,Chicago White Sox,Los Angeles Angels,away,2025-08-01,R,0.25564660530688055,0.09243697478991597,357,5,4.0
601713,,San Diego Padres,St. Louis Cardinals,home,2025-08-01,R,0.2966337336949503,0.11392405063291139,474,5,5.0
669461,,St. Louis Cardinals,San Diego Padres,away,2025-08-01,L,0.2277683569652126,0.06588235294117648,425,5,1.0
682052,,Athletics,Arizona Diamondbacks,home,2025-08-01,L,0.2524680355454315,0.10698689956331878,458,5,5.0
543101,,Arizona Diamondbacks,Athletics,away,2025-08-01,R,0.2855599987695715,0.12452830188679245,265,5,
669302,,Seattle Mariners,Texas Rangers,home,2025-08-01,R,0.30522581080473216,0.12837837837837837,444,5,7.0
683004,,Texas Rangers,Seattle Mariners,away,2025-08-01,R,0.27150657488593166,0.13071895424836602,459,5,7.0
656876,,Tampa Bay Rays,Los Angeles Dodgers,home,2025-08-02,R,0.2799962283296478,0.10509554140127389,314,5,6.0
605483,,Los Angeles Dodgers,Tampa Bay Rays,away,2025-08-02,L,0.2652300303336704,0.12403100775193798,258,3,8.0
571510,,Chicago Cubs,Baltimore Orioles,home,2025-08-02,L,0.31495723675164317,0.1297539149888143,447,5,8.0
608372,,Baltimore Orioles,Chicago Cubs,away,2025-08-02,R,0.23089013140978495,0.08590308370044053,454,5,5.0
453286,,Toronto Blue Jays,Kansas City Royals,home,2025-08-02,R,0.27849206349206346,0.125,432,5,5.0
702070,,Kansas City Royals,Toronto Blue Jays,away,2025-08-02,L,0.2558662669858601,0.12916666666666668,480,5,1.0
596295,,Colorado Rockies,Pittsburgh Pirates,home,2025-08-02,L,0.24523989764594178,0.08735632183908046,435,5,5.0
694973,,Pittsburgh Pirates,Colorado Rockies,away,2025-08-02,R,0.32938719974840713,0.17011494252873563,435,5,8.0
554430,,Philadelphia Phillies,Detroit Tigers,home,2025-08-02,R,0.302818616119587,0.1579961464354528,519,5,10.0
669373,,Detroit Tigers,Philadelphia Phillies,away,2025-08-02,L,0.3081610330450312,0.16701461377870563,479,5,10.0
663623,,Washington Nationals,Milwaukee Brewers,home,2025-08-02,R,0.23757087741323085,0.07311320754716981,424,5,2.0
605540,,Milwaukee Brewers,Washington Nationals,away,2025-08-02,R,0.33274702843014037,0.11398963730569948,386,5,8.0
621111,,Boston Red Sox,Houston Astros,home,2025-08-02,R,0.23981977377776106,0.07036247334754797,469,5,
676467,,Houston Astros,Boston Red Sox,away,2025-08-02,L,0.2294012330390817,0.07880434782608696,368,5,6.0
673540,,New York Mets,San Francisco Giants,home,2025-08-02,R,0.274734821822891,0.10263157894736842,380,5,4.0
678906,,San Francisco Giants,New York Mets,away,2025-08-02,R,0.27956371986222733,0.1125,80,2,4.0
622491,,Seattle Mariners,Texas Rangers,home,2025-08-02,R,0.2262388393818072,0.08583690987124463,466,5,4.0
518876,,Texas Rangers,Seattle Mariners,away,2025-08-02,R,0.2547807126599468,0.10454545454545454,440,5,6.0
676440,,Cleveland Guardians,Minnesota Twins,home,2025-08-02,R,0.3026292287357554,0.1291759465478842,449,5,5.0
641927,,Minnesota Twins,Cleveland Guardians,away,2025-08-02,R,0.26398881230814003,0.09263157894736843,475,5,4.0
691587,,Miami Marlins,New York Yankees,home,2025-08-02,R,0.2942793213782719,0.1275626423690205,439,5,5.0
693645,,New York Yankees,Miami Marlins,away,2025-08-02,R,0.27425229572076465,0.1,400,5,6.0
695505,,Cincinnati Reds,Atlanta Braves,home,2025-08-02,R,0.30094595463016516,0.17302798982188294,393,5,2.0
680735,,Atlanta Braves,Cincinnati Reds,away,2025-08-02,L,0.23051297286591402,0.09,100,5,1.0
669372,,Athletics,Arizona Diamondbacks,home,2025-08-02,R,0.2943530839375896,0.12030075187969924,266,5,2.0
668678,,Arizona Diamondbacks,Athletics,away,2025-08-02,R,0.26489859896332335,0.10619469026548672,452,5,3.0
543294,,Los Angeles Angels,Chicago White Sox,home,2025-08-02,R,0.24132372483883024,0.08355795148247978,371,5,2.0
650644,,Chicago White Sox,Los Angeles Angels,away,2025-08-02,R,0.24914613968308408,0.07226107226107226,429,5,8.0
681190,,San Diego Padres,St. Louis Cardinals,home,2025-08-02,R,0.21310092637109,0.04415584415584416,385,5,3.0
700241,,St. Louis Cardinals,San Diego Padres,away,2025-08-02,R,0.24720414088835135,0.08314087759815242,433,5,4.0
608337,,Boston Red Sox,Houston Astros,home,2025-08-03,R,0.25356298923581566,0.12638580931263857,451,5,4.0
664285,,Houston Astros,Boston Red Sox,away,2025-08-03,L,0.2834023906670834,0.12708333333333333,480,5,3.0
671212,,Tampa Bay Rays,Los Angeles Dodgers,home,2025-08-03,R,0.28709670611079063,0.0989010989010989,273,5,2.0
808967,,Los Angeles Dodgers,Tampa Bay Rays,away,2025-08-03,R,0.2985980030594858,0.12796208530805686,422,5,6.0
695505,,Cincinnati Reds,Atlanta Braves,home,2025-08-03,R,0.30094595463016516,0.17302798982188294,393,5,
680735,,Atlanta Braves,Cincinnati Reds,away,2025-08-03,L,0.23051297286591402,0.09,100,5,
695418,,Washington Nationals,Milwaukee Brewers,home,2025-08-03,R,0.22812382350038946,0.11203319502074689,241,5,6.0
701656,,Milwaukee Brewers,Washington Nationals,away,2025-08-03,R,0.24702464500224433,0.12195121951219512,410,5,4.0
605135,,Toronto Blue Jays,Kansas City Royals,home,2025-08-03,R,0.3125679763205155,0.11357340720221606,361,5,5.0
607625,,Kansas City Royals,Toronto Blue Jays,away,2025-08-03,R,0.27565727481297336,0.08803611738148984,443,5,3.0
593423,,New York Mets,San Francisco Giants,home,2025-08-03,R,0.2588288086978501,0.09859154929577464,426,5,3.0
687931,,San Francisco Giants,New York Mets,away,2025-08-03,L,0.2568627450980392,0.06875,160,2,4.0
676282,,Cleveland Guardians,Minnesota Twins,home,2025-08-03,L,0.32425573440948957,0.1471264367816092,435,5,9.0
570632,,Minnesota Twins,Cleveland Guardians,away,2025-08-03,R,0.1941433975094564,0.10135135135135136,148,5,3.0
665795,,Miami Marlins,New York Yankees,home,2025-08-03,R,0.3165410268207216,0.13863636363636364,440,5,7.0
661563,,New York Yankees,Miami Marlins,away,2025-08-03,R,0.23376623376623376,0.06493506493506493,77,1,3.0
607067,,Chicago Cubs,Baltimore Orioles,home,2025-08-03,R,0.2682711067652743,0.08633093525179857,417,5,4.0
687064,,Baltimore Orioles,Chicago Cubs,away,2025-08-03,R,0.2691592320312496,0.10236220472440945,381,5,4.0
687134,,Colorado Rockies,Pittsburgh Pirates,home,2025-08-03,R,0.20823632223090524,0.06474820143884892,417,5,2.0
656605,,Pittsburgh Pirates,Colorado Rockies,away,2025-08-03,R,0.2413209299757658,0.09859154929577464,426,5,4.0
678022,,Athletics,Arizona Diamondbacks,home,2025-08-03,R,0.2583586752450707,0.14146341463414633,205,5,4.0
593958,,Arizona Diamondbacks,Athletics,away,2025-08-03,L,0.22535140592968822,0.08441558441558442,462,5,5.0
686799,,Los Angeles Angels,Chicago White Sox,home,2025-08-03,R,0.2143656600851723,0.08378378378378379,370,5,2.0
680732,,Chicago White Sox,Los Angeles Angels,away,2025-08-03,R,0.2628634212865037,0.10762331838565023,446,5,7.0
656302,,San Diego Padres,St. Louis Cardinals,home,2025-08-03,R,0.30316096875480314,0.14915966386554622,476,5,9.0
669467,,St. Louis Cardinals,San Diego Padres,away,2025-08-03,R,0.25013872232188794,0.11304347826086956,460,5,4.0
688138,,Seattle Mariners,Texas Rangers,home,2025-08-03,R,0.2710595919914994,0.08254716981132075,424,5,3.0
594798,,Texas Rangers,Seattle Mariners,away,2025-08-03,R,0.2800421746076581,0.16192560175054704,457,5,5.0
650911,,Philadelphia Phillies,Detroit Tigers,home,2025-08-03,L,0.34867491437917064,0.15565031982942432,469,5,6.0
450203,,Detroit Tigers,Philadelphia Phillies,away,2025-08-03,R,0.25717928018514846,0.10187110187110188,481,5,6.0
670912,,Pittsburgh Pirates,San Francisco Giants,home,2025-08-04,R,0.37209302325581395,0.13953488372093023,43,1,3.0
434378,,San Francisco Giants,Pittsburgh Pirates,away,2025-08-04,R,0.2575751029618811,0.10352422907488987,454,5,4.0
663554,,Detroit Tigers,Minnesota Twins,home,2025-08-04,R,0.26331166745050055,0.09947643979057591,382,5,4.0
701519,,Minnesota Twins,Detroit Tigers,away,2025-08-04,R,0.2966328712147809,0.12040133779264214,299,5,7.0
645261,,Miami Marlins,Houston Astros,home,2025-08-04,R,0.24777767631143996,0.08249496981891348,497,5,5.0
669920,,Houston Astros,Miami Marlins,away,2025-08-04,R,0.2548157442575511,0.10588235294117647,425,5,6.0
666200,,Philadelphia Phillies,Baltimore Orioles,home,2025-08-04,L,0.29534750137293203,0.11777301927194861,467,5,7.0
700249,,Baltimore Orioles,Philadelphia Phillies,away,2025-08-04,L,0.2741704309222669,0.08899297423887588,427,5,7.0
678394,,Boston Red Sox,Kansas City Royals,home,2025-08-04,R,0.255702527855462,0.1,490,5,5.0
663559,,Kansas City Royals,Boston Red Sox,away,2025-08-04,L,0.24930242947484324,0.055415617128463476,397,5,2.0
640455,,New York Mets,Cleveland Guardians,home,2025-08-04,L,0.27708826373111994,0.10852713178294573,387,5,3.0
677944,,Cleveland Guardians,New York Mets,away,2025-08-04,R,0.2644886603749401,0.09240246406570841,487,5,6.0
607200,,Atlanta Braves,Milwaukee Brewers,home,2025-08-04,R,0.24263853752462688,0.08430232558139535,344,5,
682990,,Milwaukee Brewers,Atlanta Braves,away,2025-08-04,R,0.2795387848585523,0.10114942528735632,435,5,4.0
647336,,Chicago Cubs,Cincinnati Reds,home,2025-08-04,R,0.26478314367308675,0.08943089430894309,369,5,3.0
666157,,Cincinnati Reds,Chicago Cubs,away,2025-08-04,L,0.32002003565923953,0.11951219512195121,410,5,1.0
571578,,Texas Rangers,New York Yankees,home,2025-08-04,L,0.28905432544098647,0.1179245283018868,424,5,3.0
608331,,New York Yankees,Texas Rangers,away,2025-08-04,L,0.2641115476179365,0.11042944785276074,489,5,7.0
685299,,Colorado Rockies,Toronto Blue Jays,home,2025-08-04,R,0.2063316757716144,0.06443298969072164,388,5,1.0
641778,,Toronto Blue Jays,Colorado Rockies,away,2025-08-04,L,0.2857754924664162,0.09523809523809523,420,5,4.0
579328,,Los Angeles Angels,Tampa Bay Rays,home,2025-08-04,L,0.24695778683681907,0.09795918367346938,490,5,7.0
605288,,Tampa Bay Rays,Los Angeles Angels,away,2025-08-04,R,0.2269415129500633,0.07174887892376682,446,5,3.0
694297,,Arizona Diamondbacks,San Diego Padres,home,2025-08-04,R,0.25510554904508337,0.08798283261802575,466,5,4.0
676664,,San Diego Padres,Arizona Diamondbacks,away,2025-08-04,L,0.25797078652613825,0.10185185185185185,432,5,4.0
607192,,Los Angeles Dodgers,St. Louis Cardinals,home,2025-08-04,R,0.2842078767889474,0.11853448275862069,464,5,7.0
543243,,St. Louis Cardinals,Los Angeles Dodgers,away,2025-08-04,R,0.33243978243978245,0.12534059945504086,367,5,8.0
681347,,Pittsburgh Pirates,San Francisco Giants,home,2025-08-05,R,0.27628767805022403,0.09768637532133675,389,5,3.0
657277,,San Francisco Giants,Pittsburgh Pirates,away,2025-08-05,R,0.2834638402146047,0.09341825902335456,471,5,10.0
663978,,Detroit Tigers,Minnesota Twins,home,2025-08-05,R,0.23463230694840648,0.0966183574879227,414,5,
805673,,Minnesota Twins,Detroit Tigers,away,2025-08-05,R,0.2773145540587401,0.1189873417721519,395,5,6.0
615698,,Miami Marlins,Houston Astros,home,2025-08-05,R,0.27477661129835046,0.09651474530831099,373,5,2.0
595345,,Houston Astros,Miami Marlins,away,2025-08-05,L,0.35822281167108755,0.15151515151515152,99,5,2.0
669022,,Washington Nationals,Athletics,home,2025-08-05,L,0.2446352758755547,0.0924170616113744,422,5,
622663,,Athletics,Washington Nationals,away,2025-08-05,R,0.24016850709930226,0.08297872340425531,470,5,5.0
592836,,Philadelphia Phillies,Baltimore Orioles,home,2025-08-05,R,0.2576797666857908,0.055408970976253295,379,5,4.0
665152,,Baltimore Orioles,Philadelphia Phillies,away,2025-08-05,R,0.27237923823781374,0.1127348643006263,479,5,6.0
676979,,Boston Red Sox,Kansas City Royals,home,2025-08-05,L,0.2916598639455782,0.13717693836978131,503,5,8.0
686701,,Kansas City Royals,Boston Red Sox,away,2025-08-05,R,0.26704357745919266,0.09487179487179487,390,5,2.0
605280,,New York Mets,Cleveland Guardians,home,2025-08-05,R,0.267299781372612,0.08816705336426914,431,5,6.0
671106,,Cleveland Guardians,New York Mets,away,2025-08-05,L,0.24821110017339337,0.09090909090909091,462,5,6.0
666214,,Atlanta Braves,Milwaukee Brewers,home,2025-08-05,L,0.30656298664111625,0.12073490813648294,381,5,3.0
642547,,Milwaukee Brewers,Atlanta Braves,away,2025-08-05,R,0.2880434094506369,0.13141683778234087,487,5,7.0
684007,,Chicago Cubs,Cincinnati Reds,home,2025-08-05,L,0.25991712873943684,0.11699779249448124,453,5,7.0
641793,,Cincinnati Reds,Chicago Cubs,away,2025-08-05,R,0.23516710982846623,0.10457516339869281,459,5,8.0
543135,,Texas Rangers,New York Yankees,home,2025-08-05,R,0.28085800211557493,0.12666666666666668,450,5,6.0
701542,,New York Yankees,Texas Rangers,away,2025-08-05,R,0.2318096044892381,0.08791208791208792,455,5,5.0
683627,,Colorado Rockies,Toronto Blue Jays,home,2025-08-05,R,0.2681646479818478,0.11848341232227488,211,5,2.0
621244,,Toronto Blue Jays,Colorado Rockies,away,2025-08-05,R,0.23087183345226334,0.07712082262210797,389,5,5.0
667755,,Los Angeles Angels,Tampa Bay Rays,home,2025-08-05,R,0.2538125644285266,0.10416666666666667,432,5,4.0
686752,,Tampa Bay Rays,Los Angeles Angels,away,2025-08-05,R,0.2414695340501792,0.09480812641083522,443,5,6.0
669194,,Arizona Diamondbacks,San Diego Padres,home,2025-08-05,R,0.22494217062591698,0.09734513274336283,452,5,8.0
506433,,San Diego Padres,Arizona Diamondbacks,away,2025-08-05,R,0.26409666124452047,0.0921409214092141,369,5,5.0
693433,,Seattle Mariners,Chicago White Sox,home,2025-08-05,R,0.2592951931485678,0.12691466083150985,457,5,9.0
663436,,Chicago White Sox,Seattle Mariners,away,2025-08-05,R,0.251274306891636,0.12967032967032968,455,5,5.0
686218,,Los Angeles Dodgers,St. Louis Cardinals,home,2025-08-05,R,0.2650329202960782,0.11271676300578035,346,5,5.0
571945,,St. Louis Cardinals,Los Angeles Dodgers,away,2025-08-05,R,0.24635532459685655,0.0821917808219178,365,5,1.0
571760,,Pittsburgh Pirates,San Francisco Giants,home,2025-08-06,L,0.22213429990852665,0.06528189910979229,337,5,1
592662,,San Francisco Giants,Pittsburgh Pirates,away,2025-08-06,L,0.24799438099478482,0.11313131313131314,495,5,8
624133,,Philadelphia Phillies,Baltimore Orioles,home,2025-08-06,L,0.26529866937876095,0.07739307535641547,491,5,3
669432,,Baltimore Orioles,Philadelphia Phillies,away,2025-08-06,L,0.283746114996115,0.1087866108786611,478,5,6
656849,,New York Mets,Cleveland Guardians,home,2025-08-06,L,0.2765430151941775,0.1,460,5,7
668909,,Cleveland Guardians,New York Mets,away,2025-08-06,R,0.27491445945466797,0.11222444889779559,499,5,6
656427,,Detroit Tigers,Minnesota Twins,home,2025-08-06,R,0.2591663936579191,0.12555066079295155,454,5,3
701487,,Minnesota Twins,Detroit Tigers,away,2025-08-06,R,0.2494687310261081,0.11351351351351352,185,3,3
690990,,Chicago Cubs,Cincinnati Reds,home,2025-08-06,R,0.3012933660611548,0.12686567164179105,402,5,6
671096,,Cincinnati Reds,Chicago Cubs,away,2025-08-06,L,0.26957894736842103,0.102880658436214,486,5,3
683004,,Texas Rangers,New York Yankees,home,2025-08-06,R,0.27621245723887283,0.1244343891402715,442,5,3
607074,,New York Yankees,Texas Rangers,away,2025-08-06,L,0.2968372118180307,0.13043478260869565,506,5,3
607536,,Colorado Rockies,Toronto Blue Jays,home,2025-08-06,L,0.26061840819056437,0.09948979591836735,392,5,4
592332,,Toronto Blue Jays,Colorado Rockies,away,2025-08-06,R,0.30934461556565607,0.13530655391120508,473,5,8
542881,,Los Angeles Angels,Tampa Bay Rays,home,2025-08-06,L,0.2675164041355945,0.10817307692307693,416,5,5
669358,,Tampa Bay Rays,Los Angeles Angels,away,2025-08-06,R,0.25547696371013284,0.10991379310344827,464,5,9
660271,,Los Angeles Dodgers,St. Louis Cardinals,home,2025-08-06,R,0.33217464638964517,0.16972477064220184,218,5,8
669461,,St. Louis Cardinals,Los Angeles Dodgers,away,2025-08-06,L,0.21387946807632371,0.05236907730673317,401,5,1
676083,,Miami Marlins,Houston Astros,home,2025-08-06,R,0.23533999661113078,0.07506053268765134,413,5,2
681293,,Houston Astros,Miami Marlins,away,2025-08-06,R,0.2812767897856817,0.12814070351758794,398,5,5
676917,,Washington Nationals,Athletics,home,2025-08-06,R,0.29545454545454547,0.2159090909090909,88,1,6
605488,,Athletics,Washington Nationals,away,2025-08-06,L,0.2759957817533994,0.11060948081264109,443,5,5
669160,,Boston Red Sox,Kansas City Royals,home,2025-08-06,R,0.2898565292436701,0.09111617312072894,439,5,4
608379,,Kansas City Royals,Boston Red Sox,away,2025-08-06,R,0.2512199484006713,0.09397590361445783,415,5,3
675911,,Atlanta Braves,Milwaukee Brewers,home,2025-08-06,R,0.2434621663884883,0.13034623217922606,491,5,6
500779,,Milwaukee Brewers,Atlanta Braves,away,2025-08-06,L,0.2413263259059187,0.07112068965517242,464,5,7
543101,,Arizona Diamondbacks,San Diego Padres,home,2025-08-06,R,0.2831656325723884,0.11956521739130435,276,5,4
641482,,San Diego Padres,Arizona Diamondbacks,away,2025-08-06,L,0.2936954304365565,0.09634551495016612,301,4,3
669923,,Seattle Mariners,Chicago White Sox,home,2025-08-06,R,0.282813841252292,0.13991769547325103,486,5,9
686563,,Chicago White Sox,Seattle Mariners,away,2025-08-06,R,0.22788888435824134,0.11246943765281174,409,5,1
680730,,Washington Nationals,Athletics,home,2025-08-07,L,0.24381995813846605,0.07586206896551724,435,5,4
682052,,Athletics,Washington Nationals,away,2025-08-07,L,0.2567343832328318,0.10743801652892562,484,5,10
669302,,Seattle Mariners,Chicago White Sox,home,2025-08-07,R,0.28854302550492555,0.13555555555555557,450,5,6
681343,,Chicago White Sox,Seattle Mariners,away,2025-08-07,R,0.2811273745376498,0.11590296495956873,371,5,8
694973,,Pittsburgh Pirates,Cincinnati Reds,home,2025-08-07,R,0.3096938346942173,0.14537444933920704,454,5,8
663903,,Cincinnati Reds,Pittsburgh Pirates,away,2025-08-07,R,0.2662689682187232,0.12558139534883722,430,5,2
471911,,Atlanta Braves,Miami Marlins,home,2025-08-07,R,0.26063947200765164,0.1220159151193634,377,5,2
691587,,Miami Marlins,Atlanta Braves,away,2025-08-07,R,0.2813635785844803,0.12009237875288684,433,5,1
656605,,Pittsburgh Pirates,Cincinnati Reds,home,2025-08-08,R,0.2352462154208384,0.09534883720930233,430,5,3
695505,,Cincinnati Reds,Pittsburgh Pirates,away,2025-08-08,R,0.3123881207115065,0.17543859649122806,399,5,10
608372,,Baltimore Orioles,Athletics,home,2025-08-08,R,0.21914997283418333,0.07296137339055794,466,5,4
669372,,Athletics,Baltimore Orioles,away,2025-08-08,R,0.32090110025201307,0.14285714285714285,322,5,9
693645,,New York Yankees,Houston Astros,home,2025-08-08,R,0.25873411883525194,0.10454545454545454,440,5,3
686613,,Houston Astros,New York Yankees,away,2025-08-08,R,0.27657163985453087,0.10300429184549356,466,5,5
669373,,Detroit Tigers,Los Angeles Angels,home,2025-08-08,L,0.3002367693704169,0.16108786610878661,478,5,6
543294,,Los Angeles Angels,Detroit Tigers,away,2025-08-08,R,0.27214060443619764,0.09943181818181818,352,5,6
693821,,Atlanta Braves,Miami Marlins,home,2025-08-08,R,0.24622591955122072,0.11013215859030837,454,5,3
665795,,Miami Marlins,Atlanta Braves,away,2025-08-08,R,0.3248182949145034,0.15904139433551198,459,5,11
650644,,Chicago White Sox,Cleveland Guardians,home,2025-08-08,R,0.25792470289202707,0.08665105386416862,427,5,6
676440,,Cleveland Guardians,Chicago White Sox,away,2025-08-08,R,0.29494057187766326,0.12581344902386118,461,5,7
518876,,Texas Rangers,Philadelphia Phillies,home,2025-08-08,R,0.24798325479865918,0.09846827133479212,457,5,4
650911,,Philadelphia Phillies,Texas Rangers,away,2025-08-08,L,0.3371520478067991,0.14623655913978495,465,5,6
657746,,Minnesota Twins,Kansas City Royals,home,2025-08-08,R,0.281331621370572,0.11210762331838565,446,5,5
607625,,Kansas City Royals,Minnesota Twins,away,2025-08-08,R,0.26590117725199774,0.0835214446952596,443,5,1
605540,,Milwaukee Brewers,New York Mets,home,2025-08-08,R,0.3182443159527444,0.1189873417721519,395,5,8
673540,,New York Mets,Milwaukee Brewers,away,2025-08-08,R,0.25796677973839327,0.07853403141361257,382,5,2
700241,,St. Louis Cardinals,Chicago Cubs,home,2025-08-08,R,0.24581273132997267,0.06981981981981981,444,5,3
571510,,Chicago Cubs,St. Louis Cardinals,away,2025-08-08,L,0.30046448312845475,0.11504424778761062,452,5,3
668678,,Arizona Diamondbacks,Colorado Rockies,home,2025-08-08,R,0.24387620942498373,0.09395973154362416,447,5,6
596295,,Colorado Rockies,Arizona Diamondbacks,away,2025-08-08,L,0.24244486659004122,0.06880733944954129,436,5,3
601713,,San Diego Padres,Boston Red Sox,home,2025-08-08,R,0.29327301674200035,0.10570824524312897,473,5,3
621111,,Boston Red Sox,San Diego Padres,away,2025-08-08,R,0.24206977377776107,0.07526881720430108,465,5,4
622491,,Seattle Mariners,Tampa Bay Rays,home,2025-08-08,R,0.21460247574544358,0.08172043010752689,465,5,5
656876,,Tampa Bay Rays,Seattle Mariners,away,2025-08-08,R,0.2780974941524326,0.10249307479224377,361,5,4
477132,,Los Angeles Dodgers,Toronto Blue Jays,home,2025-08-08,L,0.2891934014483034,0.0883054892601432,419,5,4
453286,,Toronto Blue Jays,Los Angeles Dodgers,away,2025-08-08,R,0.27877551020408164,0.1222707423580786,458,5,5
657424,,San Francisco Giants,Washington Nationals,home,2025-08-08,L,0.26607627666451195,0.09473684210526316,95,5,1
663623,,Washington Nationals,San Francisco Giants,away,2025-08-08,R,0.2458644075912595,0.08571428571428572,420,5,3
694462,,Atlanta Braves,Miami Marlins,home,2025-08-09,R,0.3141573033707865,0.10365853658536585,164,2,6.0
687473,,Miami Marlins,Atlanta Braves,away,2025-08-09,R,0.2599132245490789,0.12944983818770225,309,5,8.0
607200,,Atlanta Braves,Miami Marlins,home,2025-08-09,R,0.25603106434667644,0.0916030534351145,393,5,4.0
645261,,Miami Marlins,Atlanta Braves,away,2025-08-09,R,0.24509147362523728,0.08333333333333333,480,5,4.0
661563,,New York Yankees,Houston Astros,home,2025-08-09,R,0.3146853146853147,0.11904761904761904,168,2,7.0
664285,,Houston Astros,New York Yankees,away,2025-08-09,L,0.2781018088959134,0.12366737739872068,469,5,1.0
687931,,San Francisco Giants,Washington Nationals,home,2025-08-09,L,0.28235294117647053,0.12605042016806722,238,3,5.0
695418,,Washington Nationals,San Francisco Giants,away,2025-08-09,R,0.22848160525352004,0.09872611464968153,314,5,5.0
450203,,Detroit Tigers,Los Angeles Angels,home,2025-08-09,R,0.2811109041167724,0.1284796573875803,467,5,10.0
579328,,Los Angeles Angels,Detroit Tigers,away,2025-08-09,L,0.2543581663434605,0.10821643286573146,499,5,7.0
677952,,Pittsburgh Pirates,Cincinnati Reds,home,2025-08-09,R,0.25667855536276585,0.10880829015544041,193,5,5.0
607259,,Cincinnati Reds,Pittsburgh Pirates,away,2025-08-09,R,0.2524355939535421,0.0774818401937046,413,5,4.0
687064,,Baltimore Orioles,Athletics,home,2025-08-09,R,0.2683402312122488,0.10282776349614396,389,5,2.0
678022,,Athletics,Baltimore Orioles,away,2025-08-09,R,0.273412438685931,0.15503875968992248,258,5,5.0
641927,,Minnesota Twins,Kansas City Royals,home,2025-08-09,R,0.2579122243695938,0.0815450643776824,466,5,4.0
702070,,Kansas City Royals,Minnesota Twins,away,2025-08-09,L,0.25247882873603655,0.11688311688311688,462,5,4.0
680732,,Chicago White Sox,Cleveland Guardians,home,2025-08-09,R,0.28657999882661067,0.12026726057906459,449,5,7.0
676282,,Cleveland Guardians,Chicago White Sox,away,2025-08-09,L,0.3161837251179681,0.13625866050808313,433,5,3.0
668964,,Milwaukee Brewers,New York Mets,home,2025-08-09,R,0.25277045517310637,0.078125,256,5,4.0
657585,,New York Mets,Milwaukee Brewers,away,2025-08-09,R,0.33506493506493507,0.13953488372093023,86,5,2.0
669467,,St. Louis Cardinals,Chicago Cubs,home,2025-08-09,R,0.2418745713784917,0.11864406779661017,413,5,
607067,,Chicago Cubs,St. Louis Cardinals,away,2025-08-09,R,0.2563811333846177,0.06855791962174941,423,5,6.0
594798,,Texas Rangers,Philadelphia Phillies,home,2025-08-09,R,0.2842314356390244,0.16919739696312364,461,5,8.0
666200,,Philadelphia Phillies,Texas Rangers,away,2025-08-09,L,0.2831983987498304,0.11738148984198646,443,5,4.0
593958,,Arizona Diamondbacks,Colorado Rockies,home,2025-08-09,L,0.22271327750758768,0.07623318385650224,446,5,2.0
687134,,Colorado Rockies,Arizona Diamondbacks,away,2025-08-09,R,0.21664149464469834,0.07042253521126761,426,5,4.0
650633,,San Diego Padres,Boston Red Sox,home,2025-08-09,R,0.2780696131354026,0.08941176470588236,425,5,1.0
608337,,Boston Red Sox,San Diego Padres,away,2025-08-09,R,0.237830134013942,0.10307017543859649,456,5,1.0
605483,,Los Angeles Dodgers,Toronto Blue Jays,home,2025-08-09,L,0.271144744972475,0.13505747126436782,348,4,10.0
605135,,Toronto Blue Jays,Los Angeles Dodgers,away,2025-08-09,R,0.2625679763205155,0.10023866348448687,419,5,2.0
688138,,Seattle Mariners,Tampa Bay Rays,home,2025-08-09,R,0.2710595919914994,0.08962264150943396,424,5,4.0
671212,,Tampa Bay Rays,Seattle Mariners,away,2025-08-09,R,0.2848239788380633,0.10299003322259136,301,5,5.0
570632,,Minnesota Twins,Kansas City Royals,home,2025-08-10,R,0.17521438132016626,0.07142857142857142,210,5,1
686701,,Kansas City Royals,Minnesota Twins,away,2025-08-10,R,0.2961304582947679,0.10294117647058823,408,5,8
700249,,Baltimore Orioles,Athletics,home,2025-08-10,L,0.2626899344683662,0.09647058823529411,425,5,5
806960,,Athletics,Baltimore Orioles,away,2025-08-10,R,0.23494547178757705,0.06382978723404255,94,2,4
681347,,Pittsburgh Pirates,Cincinnati Reds,home,2025-08-10,R,0.30900968577223165,0.11547911547911548,407,5,6
641793,,Cincinnati Reds,Pittsburgh Pirates,away,2025-08-10,R,0.2466890596969055,0.1054945054945055,455,5,3
666214,,Atlanta Braves,Miami Marlins,home,2025-08-10,L,0.26001753209566175,0.09785202863961814,419,5,2
615698,,Miami Marlins,Atlanta Braves,away,2025-08-10,R,0.2644422647937911,0.08333333333333333,336,5,1
608331,,New York Yankees,Houston Astros,home,2025-08-10,L,0.2643286557377802,0.11752577319587629,485,5,3
669920,,Houston Astros,New York Yankees,away,2025-08-10,R,0.2590746674275451,0.10071942446043165,417,5,3
663554,,Detroit Tigers,Los Angeles Angels,home,2025-08-10,R,0.26044590576120946,0.10242587601078167,371,5,5
686799,,Los Angeles Angels,Detroit Tigers,away,2025-08-10,R,0.20404819976771194,0.08439897698209718,391,5,1
663436,,Chicago White Sox,Cleveland Guardians,home,2025-08-10,R,0.23598968116326305,0.1108695652173913,460,5,2
677944,,Cleveland Guardians,Chicago White Sox,away,2025-08-10,R,0.2439604490904263,0.08533916849015317,457,5,4
682990,,Milwaukee Brewers,New York Mets,home,2025-08-10,R,0.2683759941608779,0.09905660377358491,424,5,2
640455,,New York Mets,Milwaukee Brewers,away,2025-08-10,L,0.2561156731033569,0.09290953545232274,409,5,5
571578,,Texas Rangers,Philadelphia Phillies,home,2025-08-10,L,0.28124546763212865,0.11352657004830918,414,5,1
554430,,Philadelphia Phillies,Texas Rangers,away,2025-08-10,R,0.298066273415437,0.16194331983805668,494,5,7
434378,,San Francisco Giants,Washington Nationals,home,2025-08-10,R,0.24468318877046197,0.08714596949891068,459,5,6
669022,,Washington Nationals,San Francisco Giants,away,2025-08-10,L,0.26378321595046106,0.11421911421911422,429,5,10
694297,,Arizona Diamondbacks,Colorado Rockies,home,2025-08-10,R,0.23519212913166349,0.08558558558558559,444,5,2
685299,,Colorado Rockies,Arizona Diamondbacks,away,2025-08-10,R,0.22066933810927675,0.07948717948717948,390,5,6
656302,,San Diego Padres,Boston Red Sox,home,2025-08-10,R,0.3203342390090905,0.15106382978723404,470,5,7
678394,,Boston Red Sox,San Diego Padres,away,2025-08-10,R,0.2628364002723532,0.10183299389002037,491,5,7
693433,,Seattle Mariners,Tampa Bay Rays,home,2025-08-10,R,0.26506159503147453,0.1346578366445916,453,5,9
605288,,Tampa Bay Rays,Seattle Mariners,away,2025-08-10,R,0.21971633564509876,0.07207207207207207,444,5,4
607192,,Los Angeles Dodgers,Toronto Blue Jays,home,2025-08-10,R,0.30215589320481595,0.12688172043010754,465,5,8
641778,,Toronto Blue Jays,Los Angeles Dodgers,away,2025-08-10,L,0.28072163993948995,0.08983451536643026,423,5,4
543243,,St. Louis Cardinals,Chicago Cubs,home,2025-08-10,R,0.3111837437924394,0.10638297872340426,423,5,7
684007,,Chicago Cubs,St. Louis Cardinals,away,2025-08-10,L,0.2702372434073776,0.11894273127753303,454,5,9
671096,,Cincinnati Reds,Philadelphia Phillies,home,2025-08-11,L,0.26319433198380565,0.11020408163265306,490,5,6
592836,,Philadelphia Phillies,Cincinnati Reds,away,2025-08-11,R,0.23822252142209394,0.05623471882640587,409,5,2
701542,,New York Yankees,Minnesota Twins,home,2025-08-11,R,0.2894031873769387,0.10176991150442478,452,5,7
805673,,Minnesota Twins,New York Yankees,away,2025-08-11,R,0.29549637224055825,0.1366906474820144,417,5,9
663559,,Kansas City Royals,Washington Nationals,home,2025-08-11,L,0.24517725166545495,0.06766917293233082,399,5,5
676917,,Washington Nationals,Kansas City Royals,away,2025-08-11,R,0.2556818181818182,0.14772727272727273,176,2,3
665625,,Chicago White Sox,Detroit Tigers,home,2025-08-11,R,0.3727103115109112,0.17142857142857143,105,5,3
663978,,Detroit Tigers,Chicago White Sox,away,2025-08-11,R,0.2513884831030789,0.09948979591836735,392,5,4
500779,,Milwaukee Brewers,Pittsburgh Pirates,home,2025-08-11,L,0.23813294920574127,0.07205240174672489,458,5,3
571760,,Pittsburgh Pirates,Milwaukee Brewers,away,2025-08-11,L,0.2099774371634286,0.061068702290076333,393,5,3
571945,,St. Louis Cardinals,Colorado Rockies,home,2025-08-11,R,0.23682975009722718,0.06486486486486487,370,5,3
801403,,Colorado Rockies,St. Louis Cardinals,away,2025-08-11,R,0.23164320917944106,0.0827250608272506,411,5,5
543135,,Texas Rangers,Arizona Diamondbacks,home,2025-08-11,R,0.2681319039243605,0.10991379310344827,464,5,3
669194,,Arizona Diamondbacks,Texas Rangers,away,2025-08-11,R,0.2447786441417364,0.11038961038961038,462,5,6
664299,,Houston Astros,Boston Red Sox,home,2025-08-11,R,0.24705882352941178,0.09411764705882353,85,1,5
676979,,Boston Red Sox,Houston Astros,away,2025-08-11,L,0.30257585825027683,0.14663951120162932,491,5,5
667755,,Los Angeles Angels,Los Angeles Dodgers,home,2025-08-11,R,0.269197179813142,0.1111111111111111,432,5,6
808967,,Los Angeles Dodgers,Los Angeles Angels,away,2025-08-11,R,0.3055455270801805,0.125,480,5,6
657277,,San Francisco Giants,San Diego Padres,home,2025-08-11,R,0.2707479846416063,0.08158995815899582,478,5,3
506433,,San Diego Padres,San Francisco Giants,away,2025-08-11,R,0.27066579492208787,0.10810810810810811,370,5,6
605488,,Athletics,Tampa Bay Rays,home,2025-08-11,L,0.27537140612902383,0.125,440,5,2
686752,,Tampa Bay Rays,Athletics,away,2025-08-11,R,0.24307381212504553,0.10227272727272728,440,5,4
665152,,Baltimore Orioles,Seattle Mariners,home,2025-08-12,R,0.27237923823781374,0.1127348643006263,479,5,
663903,,Cincinnati Reds,Philadelphia Phillies,home,2025-08-12,R,0.2662689682187232,0.12558139534883722,430,5,
671106,,Cleveland Guardians,Miami Marlins,home,2025-08-12,L,0.24821110017339337,0.09090909090909091,462,5,
607074,,New York Yankees,Minnesota Twins,home,2025-08-12,L,0.2968372118180307,0.13043478260869565,506,5,
605280,,New York Mets,Atlanta Braves,home,2025-08-12,R,0.267299781372612,0.08816705336426914,431,5,
608379,,Kansas City Royals,Washington Nationals,home,2025-08-12,R,0.2512199484006713,0.09397590361445783,415,5,
672782,,Chicago White Sox,Detroit Tigers,home,2025-08-12,R,0.29626373626373625,0.0990990990990991,111,5,
642547,,Milwaukee Brewers,Pittsburgh Pirates,home,2025-08-12,R,0.2880434094506369,0.13141683778234087,487,5,
669461,,St. Louis Cardinals,Colorado Rockies,home,2025-08-12,L,0.21387946807632371,0.05236907730673317,401,5,
683004,,Texas Rangers,Arizona Diamondbacks,home,2025-08-12,R,0.27621245723887283,0.1244343891402715,442,5,
681293,,Houston Astros,Boston Red Sox,home,2025-08-12,R,0.2812767897856817,0.12814070351758794,398,5,
